<?xml version="1.0" encoding="UTF-8"?>
<beans:beans xmlns="http://www.springframework.org/schema/mvc"
	xmlns:xsi="http://www.w3.org/2001/XMLSchema-instance"
	xmlns:beans="http://www.springframework.org/schema/beans"
	xmlns:context="http://www.springframework.org/schema/context"
	xsi:schemaLocation="http://www.springframework.org/schema/mvc https://www.springframework.org/schema/mvc/spring-mvc.xsd
		http://www.springframework.org/schema/beans https://www.springframework.org/schema/beans/spring-beans.xsd
		http://www.springframework.org/schema/context https://www.springframework.org/schema/context/spring-context.xsd">

	<!-- DispatcherServlet Context: defines this servlet's request-processing infrastructure -->
	
	<!-- Enables the Spring MVC @Controller programming model -->
	<annotation-driven />

	<!-- Handles HTTP GET requests for /resources/** by efficiently serving up static resources in the ${webappRoot}/resources directory -->
	<resources mapping="/resources/**" location="/resources/" />

	<!-- Resolves views selected for rendering by @Controllers to .jsp resources in the /WEB-INF/views directory -->
	<beans:bean class="org.springframework.web.servlet.view.InternalResourceViewResolver">
		<beans:property name="prefix" value="/WEB-INF/views/" />
		<beans:property name="suffix" value=".jsp" />
	</beans:bean>
	
	<context:component-scan base-package="com.trinity.weaver" />
	
   <!-- jdbc를 위한 설정, "dateSource"는 커넥션 객체와 유사한 개념. -->
   <beans:bean name="dataSource" class="org.springframework.jdbc.datasource.DriverManagerDataSource">
      <beans:property name="driverClassName" value="oracle.jdbc.driver.OracleDriver"/>
      <beans:property name="url" value="jdbc:oracle:thin:@localhost:1521:xe"/>
      <beans:property name="username" value="WEAVER"/>
      <beans:property name="password" value="java"/>
   </beans:bean>
   
   <!-- MyBatis를 위한 설정. -->
   <beans:bean id="sqlSessionFactory" class="org.mybatis.spring.SqlSessionFactoryBean">
      <!-- 설정대상이 객체이면 ref속성 사용. -->
      <beans:property name="dataSource" ref="dataSource"/>
      <!-- 설정대상이 일반 값이면 value속성 사용. -->
      <beans:property name="mapperLocations" value="classpath:com/trinity/weaver/mapper/*.xml"/>
   </beans:bean>
   
   <!-- SqlSession을 등록.(DAO대신 사용하는) -->
   <beans:bean id="sqlSession" class="org.mybatis.spring.SqlSessionTemplate">
      <!-- 생성메소드의 매개변수가 여러 개 일 경우 몇번째 위치에 있는 것인지 파악할 수 있게 index속성을 사용함.-->
      <beans:constructor-arg index="0" ref="sqlSessionFactory"/>
	</beans:bean>
	
	<!-- 사진 넣기 -->
	<resources mapping="/resources/**" location="/resources/" />
	
</beans:beans>
