<?xml version="1.0" encoding="UTF-8"?>
<!DOCTYPE mapper PUBLIC
   "-//mybatis.org//DTD Mapper 3.0//EN"
   "http://mybatis.org./dtd/mybatis-3-mapper.dtd">
   
<mapper namespace = "com.trinity.weaver.dao.QstnDao">

	<select id="qstnList" resultType="com.trinity.weaver.dto.QstnDto">
    	SELECT 
    		*
    	FROM
    		QSTN_BOARD
    	ORDER BY
    		QSTNBRD_IDX ASC
	</select>
	
	<insert id = "qstnInsert">
		INSERT INTO QSTN_BOARD (
		QSTNBRD_IDX,
		QSTNCAT_NAME, 
		CUST_IDX, 
		QSTNBRD_TITLE, 
		QSTNBRD_CONTENT, 
		QSTNBRD_IMGNAME, 
		QSTNBRD_IMGPATH, 
		QSTNBRD_PW
		) VALUES (
			QSTNBRD_IDX_SEQ.NEXTVAL,
			#{param1},
			#{param2},
			#{param3},
			#{param4},
			#{param5},
			#{param6},
			#{param7}
		)
	</insert>
	
	<select id = "qstnContentView" resultType = "com.trinity.weaver.dto.QstnDto">
		SELECT
			*
		FROM
			QSTN_BOARD
		WHERE
			QSTNBRD_IDX = #{param3}
			<!--QSTNBRD_TITLE을 선택해서 질문의 내용을 볼꺼니까-->
		
	</select>
	
	<update id = "qstnUpdate">
		UPDATE QSTN_BOARD
		SET
			QSTNCAT_NAME = #{param2},			
			CUST_IDX = #{param3},
			QSTNBRD_TITLE = #{param4},
			QSTNBRD_CONTENT = #{param5},
			QSTNBRD_IMGNAME = #{param6},
			QSTNBRD_IMGPATH = #{param7},
			QSTNBRD_SECRET = #{param8},
			QSTNBRD_PW = #{param9}
		WHERE
			QSTNBRD_IDX = #{param1}
	</update>
	
	<delete id = "qstnDelete" parameterType = "Integer">
		DELETE FROM
			QSTN_BOARD
		WEHRE
			QSTN_IDX = #{param1}
	</delete>
			
</mapper>